
{
    "region" : "ap-south-1",
    "configuration" : "Debug",
    "framework"     : "netcoreapp3.1",
    "self-contained" : false,
    "application"    : "MFPECustomerApi",
    "environment"    : "MFPECustomerApi-dev",
    "enable-xray"    : false,
    "enhanced-health-type" : "basic",
    "additional-options"   : "\"aws:autoscaling:launchconfiguration,SecurityGroups\"=\"sg-01cb5511954238995\";\"aws:ec2:vpc,Subnets\"=\"subnet-01af43e183782e11f\"",
    "solution-stack"       : "64bit Amazon Linux 2 v2.3.3 running .NET Core",
    "environment-type"     : "SingleInstance",
    "cname"                : "CustomerApi-MFPE",
    "instance-type"        : "t3a.medium",
    "key-pair"             : "ak12",
    "instance-profile"     : "aws-elasticbeanstalk-ec2-role",
    "service-role"         : "apismapleapplication-RecipeBeanstalkServiceRole62B-HCQVI8R0ZOFL",
    "proxy-server"         : "nginx"
}