
{
    "region" : "ap-south-1",
    "configuration" : "Debug",
    "framework"     : "netcoreapp3.1",
    "self-contained" : false,
    "application"    : "TransactionsMicroservice",
    "environment"    : "TransactionsMicroservice-dev",
    "app-path"       : "/",
    "iis-website"    : "Default Web Site",
    "enable-xray"    : false,
    "enhanced-health-type" : "basic",
    "additional-options"   : "\"aws:autoscaling:launchconfiguration,SecurityGroups\"=\"sg-01cb5511954238995\";\"aws:ec2:vpc,Subnets\"=\"subnet-01af43e183782e11f\"",
    "solution-stack"       : "64bit Windows Server Core 2019 v2.10.1 running IIS 10.0",
    "environment-type"     : "SingleInstance",
    "cname"                : "TransactionApi-MFPE",
    "instance-type"        : "t3a.medium",
    "key-pair"             : "ak12",
    "instance-profile"     : "aws-elasticbeanstalk-ec2-role",
    "service-role"         : "apismapleapplication-RecipeBeanstalkServiceRole62B-HCQVI8R0ZOFL"
}